task,duration,exitcode,len_stdout,len_stderr,ram_max,ram_avg,ram_std
3,25.050167083740234,0,268,0,49.90234375,44.604654947916664,6.316306849525666
