task,duration,exitcode,len_stdout,len_stderr,ram_max,ram_avg,ram_std
9,18.049955129623413,0,268,0,49.109375,47.28236607142857,4.9581250439144995
