time,cpu,ram
0.0,0.0,1.43359375
0.23911595344543457,29.1,12.33203125
0.47091102600097656,0.0,12.33203125
0.7067699432373047,0.0,12.33203125
0.9449570178985596,0.0,12.33203125
1.1961112022399902,0.0,12.33203125
1.466304063796997,2.1,12.61328125
1.6981592178344727,0.0,12.61328125
4.159104108810425,98.56,75.87328124999999
6.465713024139404,100.12,77.72328125
9.179896116256714,95.66,74.41328125
11.489989042282104,99.8,77.83328125
13.985518217086792,0.0,12.62890625
