task,duration,exitcode,len_stdout,len_stderr,ram_max,ram_avg,ram_std
1,15.37937879562378,0,268,0,88.61328125,68.33502604166667,23.132484705197655
