task,duration,exitcode,len_stdout,len_stderr,ram_max,ram_avg,ram_std
8,21.47040319442749,0,268,0,49.078125,47.507254464285715,4.560826029413048
