task,duration,exitcode,len_stdout,len_stderr,ram_max,ram_avg,ram_std
2,25.557554006576538,0,268,0,50.87890625,40.720546875,4.6951909698550285
