RAM (MB),systemtime
53.75,1532632299.9106848
58.0703125,1532632299.919946
75.5,1532632300.429097
75.7265625,1532632300.940876
74.77734375,1532632301.446442
72.32421875,1532632301.9526348
71.67578125,1532632302.457581
71.67578125,1532632302.962703
71.6796875,1532632303.468093
71.76953125,1532632303.972448
71.78125,1532632304.478336
71.7890625,1532632304.985286
71.796875,1532632305.490371
71.8125,1532632305.995683
71.83203125,1532632306.501663
71.8359375,1532632307.007861
71.84765625,1532632307.512036
71.86328125,1532632308.016763
71.48828125,1532632308.526449
71.453125,1532632309.034745
71.390625,1532632309.539157
71.390625,1532632310.044408
71.390625,1532632310.551542
66.25,1532632311.060593
64.140625,1532632311.565312
64.140625,1532632312.070245
64.12109375,1532632312.580616
64.09375,1532632313.088823
64.39453125,1532632313.6008031
49.83984375,1532632314.1102972
50.37890625,1532632314.350348
