RAM (MB),systemtime
53.54296875,1532632212.3151581
57.890625,1532632212.330533
75.61328125,1532632212.84019
75.88671875,1532632213.3496692
75.62890625,1532632213.856307
75.734375,1532632214.360767
75.7421875,1532632214.865675
75.78125,1532632215.371076
75.78515625,1532632215.8756008
75.78515625,1532632216.380789
75.7890625,1532632216.885407
75.79296875,1532632217.389326
75.796875,1532632217.895746
75.8203125,1532632218.401796
75.8203125,1532632218.9061499
75.83203125,1532632219.416713
75.84765625,1532632219.921197
75.8515625,1532632220.425815
75.859375,1532632220.931488
53.640625,1532632221.437554
58.96484375,1532632221.9458408
58.9921875,1532632221.950183
