task,duration,exitcode,len_stdout,len_stderr,ram
0,18.877869129180908,0,268,0,"[80.16796875 85.05859375 99.38671875 99.59375    99.59765625 99.75390625
 99.79296875 99.79296875 99.81640625 99.81640625 99.81640625 99.81640625
 99.81640625 99.83203125 99.83203125 99.8359375  99.8359375  99.8359375
 99.83984375 99.83984375 99.84375    99.84375    99.84375    99.84375
 99.84375    99.84375    99.84375    99.84765625 99.84765625 99.8515625
 99.8515625  99.8515625  99.8515625  99.85546875 86.18359375 86.203125  ]"
