time,cpu,ram
0.0,0.0,1.15625
0.24065899848937988,26.1,12.24609375
0.48389673233032227,0.0,12.24609375
0.7160320281982422,0.0,12.24609375
0.9466509819030762,0.0,12.24609375
1.2001559734344482,0.0,12.24609375
1.4532828330993652,2.2,12.53125
1.6894848346710205,0.0,12.53125
4.0067877769470215,99.91,75.67125
6.304713010787964,97.4,74.18125
8.693849802017212,0.0,12.546875
