RAM (MB),systemtime
51.00390625,1531772363.2726479
55.390625,1531772363.2824
72.8203125,1531772363.7938728
73.14453125,1531772364.304631
73.21484375,1531772364.814768
73.21484375,1531772365.3257039
73.23828125,1531772365.835042
73.24609375,1531772366.3449972
73.24609375,1531772366.855711
73.13671875,1531772367.3732731
73.3125,1531772367.878887
73.31640625,1531772368.384429
73.3671875,1531772368.890095
73.37109375,1531772369.396064
73.37109375,1531772369.903198
73.375,1531772370.4095051
73.4140625,1531772370.915403
73.41796875,1531772371.420706
73.4296875,1531772371.92658
73.4453125,1531772372.432713
73.44921875,1531772372.9385622
73.453125,1531772373.444511
73.453125,1531772373.9505548
73.453125,1531772374.4571562
73.453125,1531772374.962253
73.453125,1531772375.468678
73.45703125,1531772375.9744608
73.4609375,1531772376.48053
73.4609375,1531772376.98608
73.46484375,1531772377.491932
73.46484375,1531772377.998243
73.46875,1531772378.504446
73.47265625,1531772379.010059
73.47265625,1531772379.5245628
73.47265625,1531772380.029406
73.47265625,1531772380.533947
73.47265625,1531772381.044138
51.02734375,1531772381.550085
56.44140625,1531772382.058928
56.46875,1531772382.063749
