task,duration,exitcode,len_stdout,len_stderr,ram_max,ram_avg,ram_std
5,22.848512649536133,0,268,0,48.6953125,47.26701388888889,4.415409252172829
