RAM (MB),systemtime
53.7265625,1532632261.429539
58.0703125,1532632261.4391549
75.74609375,1532632261.9488692
75.96484375,1532632262.459386
75.9765625,1532632262.967514
75.96875,1532632263.473496
75.9765625,1532632263.978035
76.0078125,1532632264.4826891
76.015625,1532632264.987162
76.0234375,1532632265.492898
76.02734375,1532632265.997868
76.03125,1532632266.503523
76.03515625,1532632267.00879
76.0546875,1532632267.5140219
76.0546875,1532632268.019474
76.05859375,1532632268.5241961
76.06640625,1532632269.030284
76.08203125,1532632269.5346408
76.09375,1532632270.03907
76.09765625,1532632270.544596
76.1015625,1532632271.0492852
76.1015625,1532632271.554486
76.1015625,1532632272.0595992
76.109375,1532632272.5649438
76.109375,1532632273.0701828
76.109375,1532632273.5750349
76.109375,1532632274.080218
76.11328125,1532632274.585351
76.11328125,1532632275.091362
76.11328125,1532632275.596738
76.11328125,1532632276.102643
76.1171875,1532632276.6085608
76.1171875,1532632277.114086
76.12109375,1532632277.6179352
76.12109375,1532632278.127084
58.9375,1532632278.634541
58.94921875,1532632278.996622
