task,duration,exitcode,len_stdout,len_stderr,ram_max,ram_avg,ram_std
4,14.84623122215271,0,268,0,48.41796875,46.167160560344826,5.404612387306433
